id,titel
A,Epochenübergreifende Themen
B,Geologische Geschichte
C,Vorgeschichte und Altsteinzeit
D,Mittel- und Jungsteinzeit
E,Die Metallzeiten
F,Griechische Antike
G,Römische Antike
H,Das frühe Mittelalter (500-1000)
I,Das Hochmittelalter (1000-1250)
J,Das späte Mittelalter (1250-1450)
K,Erste europäische Expansion
L,Der Weg in die Neuzeit
M,Reformation und Glaubenskriege (1517-1648)
N,Absolutismus und Aufklärung (1648-1789)
O,Zeitalter der Revolutionen (1789-1848)
P,Nationalismus und Imperialismus (1849-1914)
Q,1. Weltkrieg (1914-1918)
R,Zwischenkriegszeit (1918-1939)
S,2. Weltkrieg (1939-1945)
T,Kalter Krieg und Europäische Einigung (1945-1990)
U,Nach dem Kalten Krieg (1990-)
V,Europa aktuell
W,Epochenübergreifende Biographien
X,Geschichtswissenschaft und Erinnerungskultur
Y,Quellen
Z,Meta/Podcast
